{"accuracy": [0.779649019241333, 0.8327423930168152, 0.84125155210495, 0.8492732048034668, 0.8567186594009399, 0.8611061573028564, 0.8666016459465027, 0.8671334981918335, 0.8736482858657837, 0.8829551339149475, 0.8843733668327332, 0.895054042339325, 0.9031643271446228, 0.908305287361145, 0.91570645570755, 0.9254564642906189, 0.9316167235374451, 0.938220202922821, 0.9456656575202942, 0.946906566619873, 0.9516929388046265, 0.9534657001495361, 0.9527565836906433, 0.9603350758552551, 0.9613543748855591, 0.9656532406806946, 0.9583407044410706, 0.9666725993156433, 0.9646782279014587, 0.9719464778900146, 0.9697748422622681, 0.9730987548828125], "loss": [1.732525110244751, 0.3983376920223236, 0.3818260133266449, 0.36346885561943054, 0.3517504930496216, 0.3412880003452301, 0.33273348212242126, 0.3291360139846802, 0.3167552947998047, 0.3004581332206726, 0.2971523702144623, 0.27610981464385986, 0.2556024193763733, 0.24277536571025848, 0.22937634587287903, 0.20294176042079926, 0.18821130692958832, 0.18061548471450806, 0.1559097170829773, 0.1536555290222168, 0.143881693482399, 0.13689567148685455, 0.14284175634384155, 0.12353850156068802, 0.11991266161203384, 0.11424281448125839, 0.1308266818523407, 0.10111819207668304, 0.11391447484493256, 0.08983217924833298, 0.098161980509758, 0.08955177664756775], "val_accuracy": [0.8389469981193542, 0.8426254391670227, 0.8113809823989868, 0.8738698959350586, 0.8551232218742371, 0.8848608136177063, 0.8900904059410095, 0.8985995650291443, 0.8800301551818848, 0.9112746119499207, 0.9097234606742859, 0.9006381630897522, 0.9340099096298218, 0.9483247399330139, 0.9460645318031311, 0.9618861675262451, 0.9709271192550659, 0.9659634828567505, 0.9704839587211609, 0.9749600887298584, 0.97757488489151, 0.9679135084152222, 0.9579418301582336, 0.9824056029319763, 0.977308988571167, 0.9820067286491394, 0.9780623912811279, 0.9886101484298706, 0.9890533685684204, 0.9897181391716003, 0.9882556200027466, 0.9877681136131287], "val_loss": [0.390353798866272, 0.36246052384376526, 0.4495294988155365, 0.3334295153617859, 0.35934150218963623, 0.2884822487831116, 0.2929009199142456, 0.28259414434432983, 0.34240254759788513, 0.24272257089614868, 0.24893887341022491, 0.2846849262714386, 0.19147194921970367, 0.16906937956809998, 0.2033403217792511, 0.11506906896829605, 0.11009131371974945, 0.10481444001197815, 0.08722689002752304, 0.08277614414691925, 0.07542000710964203, 0.10332974046468735, 0.13098184764385223, 0.06282394379377365, 0.10379362106323242, 0.0612344853579998, 0.07196914404630661, 0.04518982395529747, 0.05563446506857872, 0.03530149534344673, 0.03888167813420296, 0.040441326797008514]}